ade_type,tp,fp,fn,micro_precision,micro_recall,micro_f1
all,3422.0,454.0,1244.0,0.8828689370485037,0.7333904843549078,0.8012175134628893
discontinuous,33.0,0.0,316.0,1.0,0.09455587392550144,0.17277486910994766
exact-meddra,3027.0,0.0,515.0,1.0,0.8546019198193111,0.9216014614096514
negated,25.0,0.0,24.0,1.0,0.5102040816326531,0.6756756756756758
non-meddra,395.0,0.0,729.0,1.0,0.351423487544484,0.5200789993416722
