llm_model,micro_precision,micro_recall,micro_f1,macro_precision,macro_recall,macro_f1
Mixtral-8x7B-Instruct-v0.1,0.9501058361052314,0.5808837123312997,0.7209729233593392,0.9375952073937961,0.6661610558211686,0.7466550243017043
code-llama-34b,0.4354099639270742,0.41621621621621624,0.4255967980178206,0.6722956350681508,0.5067932573368613,0.5210295904314655
deepcadrme,0.9575451870533838,0.9605734767025089,0.9590569413745922,0.9538914656123819,0.9617530562110359,0.9570953416070113
exact,0.7563435263500325,0.9230769230769231,0.8314335523669035,0.7202305289815015,0.9251817835991152,0.8010569488252155
gpt-3.5-turbo-0125,0.9575640672361532,0.6628516928946113,0.7834075410020853,0.9480792780421606,0.7286902118219507,0.7972763685204738
gpt-4-1106-preview,0.9590248493294482,0.8248342206033437,0.8868822963303904,0.9557957975966475,0.854142009327898,0.8970169864271552
