llm_model,micro_precision,micro_recall,micro_f1,macro_precision,macro_recall,macro_f1
code-llama-34b,0.4354099639270742,0.41621621621621624,0.4255967980178206,0.6722956350681508,0.5067932573368613,0.5210295904314655
deepcadrme,0.9575451870533838,0.9605734767025089,0.9590569413745922,0.9538914656123819,0.9617530562110359,0.9570953416070113
exact,0.7563435263500325,0.9230769230769231,0.8314335523669035,0.7202305289815015,0.9251817835991152,0.8010569488252155
gpt-3.5-turbo-0125,0.9576950335277763,0.6659463967549945,0.7856088725906712,0.9461294429991909,0.7299706371978665,0.7978442541721592
gpt-4-1106-preview,0.9556484615214458,0.8293403977578131,0.8880255706636245,0.9517354642020794,0.853795708925643,0.8935542105997307
