,ade_type,tp,fp,fn,micro_precision,micro_recall,micro_f1,macro_precision,macro_recall,macro_f1
0,all,4064,6156.0,1273,0.39765166340508806,0.7614764849166198,0.5224657710355467,0.35567612038320334,0.7642036366273742,0.4754950898900063
1,discontinuous,19,,369,,0.04896907216494845,,,0.06220498455792573,
2,exact-meddra,4037,,126,,0.9697333653615181,,,0.9691775859883025,
3,negated,16,,16,,0.5,,,0.5198412698412698,
4,non-meddra,27,,1148,,0.02297872340425532,,,0.020412768887459774,
