,ade_type,tp,fp,fn,micro_precision,micro_recall,micro_f1,macro_precision,macro_recall,macro_f1
0,all,4419,240.0,918,0.948486799742434,0.8279932546374368,0.8841536614645858,0.9457051659363764,0.8664131710890414,0.8985070919240805
1,discontinuous,182,,206,,0.4690721649484536,,,0.4512116967999321,
2,exact-meddra,3736,,427,,0.8974297381695893,,,0.9296172201685174,
3,negated,24,,8,,0.75,,,0.7301587301587302,
4,non-meddra,683,,492,,0.5812765957446808,,,0.6527277105587074,
