ade_type,tp,fp,fn,micro_precision,micro_recall,micro_f1,macro_precision,macro_recall,macro_f1
all,3949.0,521.0,1388.0,0.8834451901565995,0.7399287989507214,0.8053431222596105,0.8755202261095497,0.7767647170065274,0.8246293906574779
discontinuous,54.0,0.0,334.0,1.0,0.13917525773195877,0.24434389140271495,,0.18526215614450908,
exact-meddra,3507.0,0.0,656.0,1.0,0.8424213307710785,0.9144719687092568,,0.8691560353139911,
negated,13.0,0.0,19.0,1.0,0.40625,0.5777777777777777,,0.39285714285714285,
non-meddra,442.0,0.0,733.0,1.0,0.37617021276595747,0.5466914038342611,,0.49127660563778264,
