,ade_type,tp,fp,fn,micro_precision,micro_recall,micro_f1,macro_precision,macro_recall,macro_f1
0,all,3864,198.0,1473,0.9512555391432792,0.7240022484541877,0.8222151292690711,0.9371948636294395,0.7729669625676132,0.8275791968030022
1,discontinuous,146,,242,,0.37628865979381443,,,0.3763133271956801,
2,exact-meddra,3230,,933,,0.7758827768436224,,,0.8243368654750303,
3,negated,21,,11,,0.65625,,,0.6626984126984127,
4,non-meddra,634,,541,,0.5395744680851063,,,0.610508250695796,
