,ade_type,tp,fp,fn,micro_precision,micro_recall,micro_f1,macro_precision,macro_recall,macro_f1
0,all,4001,448.0,1336,0.8993032142054395,0.7496721004309537,0.8176987533210709,0.8769432277364804,0.771264234052092,0.8293393472007818
1,discontinuous,52,,336,,0.13402061855670103,,,0.14445773181067298,
2,exact-meddra,3544,,619,,0.8513091520538073,,,0.8628024087679822,
3,negated,15,,17,,0.46875,,,0.4563492063492063,
4,non-meddra,457,,718,,0.38893617021276594,,,0.4927945226133758,
