,section,ade_type,tp,fp,fn,micro_precision,micro_recall,micro_f1,macro_precision,macro_recall,macro_f1
0,adverse reactions,all,3864,197.0,1473,0.9514897808421571,0.7240022484541877,0.8223026175782081,0.9372856826801919,0.7729669625676132,0.8276190488990908
1,adverse reactions,discontinuous,146,,242,,0.37628865979381443,,,0.3763133271956801,
2,adverse reactions,exact-meddra,3230,,933,,0.7758827768436224,,,0.8243368654750303,
3,adverse reactions,negated,21,,11,,0.65625,,,0.6626984126984127,
4,adverse reactions,non-meddra,634,,541,,0.5395744680851063,,,0.610508250695796,
5,all-concat,all,3495,210.0,3543,0.9433198380566802,0.49658994032395565,0.6506562412733873,0.930056507354946,0.5736304098728423,0.676154670280246
6,all-concat,discontinuous,220,,522,,0.29649595687331537,,,0.29076200958509313,
7,all-concat,exact-meddra,2758,,2069,,0.5713693805676403,,,0.6624168834053527,
8,all-concat,negated,29,,30,,0.4915254237288136,,,0.5454545454545454,
9,all-concat,non-meddra,737,,1475,,0.3331826401446655,,,0.37927794052991376,
10,boxed warnings,all,204,76.0,58,0.7285714285714285,0.7786259541984732,0.7527675276752768,0.7193196077938304,0.8702207772447711,0.7420062846223837
11,boxed warnings,discontinuous,15,,18,,0.45454545454545453,,,0.43127705627705626,
12,boxed warnings,exact-meddra,124,,12,,0.9117647058823529,,,0.9302294197031039,
13,boxed warnings,negated,2,,1,,0.6666666666666666,,,0.6666666666666666,
14,boxed warnings,non-meddra,80,,46,,0.6349206349206349,,,0.7405483405483405,
15,warnings and precautions,all,1300,441.0,1152,0.7466973004020678,0.5301794453507341,0.6200810875268306,0.7173204007709088,0.6225107874943477,0.607530122880591
16,warnings and precautions,discontinuous,150,,200,,0.42857142857142855,,,0.4024218972339273,
17,warnings and precautions,exact-meddra,727,,486,,0.5993404781533388,,,0.7535225526017867,
18,warnings and precautions,negated,19,,8,,0.7037037037037037,,,0.7745098039215685,
19,warnings and precautions,non-meddra,574,,666,,0.4629032258064516,,,0.5085793646712161,
0,all,all,5368,714.0,2683,0.8826044064452483,0.6667494721152651,0.7325701288356873,0.8117799911934028,0.7267864370406015,0.7233736638723562
