,ade_type,tp,fp,fn,micro_precision,micro_recall,micro_f1,macro_precision,macro_recall,macro_f1
0,all,4514,217.0,823,0.9541323187486789,0.845793516957092,0.8967024235200636,0.9492462405739783,0.8810933259462697,0.9085410410297852
1,discontinuous,193,,195,,0.49742268041237114,,,0.4668710374592727,
2,exact-meddra,3799,,364,,0.9125630554888302,,,0.9394242969292848,
3,negated,26,,6,,0.8125,,,0.8253968253968254,
4,non-meddra,716,,459,,0.6093617021276596,,,0.6963396354911036,
