,ade_type,tp,fp,fn,micro_precision,micro_recall,micro_f1,macro_precision,macro_recall,macro_f1
0,all,3083,143.0,2254,0.9556726596404216,0.5776653550683905,0.7200747401611585,0.933303983955498,0.660527348441616,0.7341101071493175
1,discontinuous,128,,260,,0.32989690721649484,,,0.369576632517809,
2,exact-meddra,2545,,1618,,0.6113379774201297,,,0.7049709018649806,
3,negated,19,,13,,0.59375,,,0.623015873015873,
4,non-meddra,538,,637,,0.45787234042553193,,,0.5275474117098112,
