,ade_type,tp,fp,fn,micro_precision,micro_recall,micro_f1,macro_precision,macro_recall,macro_f1
0,all,3240,462.0,2097,0.8752025931928687,0.6070826306913997,0.7168934616661135,0.8513084885394054,0.6588458718054407,0.7225898001387199
1,discontinuous,32,,356,,0.08247422680412371,,,0.086890756302521,
2,exact-meddra,2882,,1281,,0.6922892145087677,,,0.7434299275184523,
3,negated,10,,22,,0.3125,,,0.35317460317460314,
4,non-meddra,358,,817,,0.3046808510638298,,,0.3857652649470438,
