,ade_type,tp,fp,fn,micro_precision,micro_recall,micro_f1,macro_precision,macro_recall,macro_f1
0,all,3447,200.0,1890,0.945160405812997,0.6458684654300169,0.7673642030276047,0.9270890871252927,0.7417261353755427,0.7935229786456086
1,discontinuous,152,,236,,0.3917525773195876,,,0.40764421852657146,
2,exact-meddra,2826,,1337,,0.6788373768916647,,,0.7881397985321569,
3,negated,23,,9,,0.71875,,,0.7579365079365079,
4,non-meddra,621,,554,,0.5285106382978724,,,0.603159473455878,
