,ade_type,tp,fp,fn,micro_precision,micro_recall,micro_f1,macro_precision,macro_recall,macro_f1
0,all,2443,313.0,2894,0.8864296081277213,0.45774779838860785,0.603731619918448,0.8591260899684567,0.5545135737752123,0.6387578746689427
1,discontinuous,25,,363,,0.06443298969072164,,,0.07466566113624937,
2,exact-meddra,2147,,2016,,0.5157338457842902,,,0.6257973219448344,
3,negated,12,,20,,0.375,,,0.38095238095238093,
4,non-meddra,296,,879,,0.2519148936170213,,,0.35450480817883234,
