,ade_type,tp,fp,fn,micro_precision,micro_recall,micro_f1,macro_precision,macro_recall,macro_f1
0,all,3685,203.0,1652,0.9477880658436214,0.690462806820311,0.7989159891598916,0.9302695150196267,0.7525968197432956,0.8066508420226266
1,discontinuous,139,,249,,0.3582474226804124,,,0.3738285897109426,
2,exact-meddra,3059,,1104,,0.7348066298342542,,,0.7971738238764792,
3,negated,20,,12,,0.625,,,0.6706349206349207,
4,non-meddra,626,,549,,0.5327659574468085,,,0.6087332843850531,
