,ade_type,tp,fp,fn,micro_precision,micro_recall,micro_f1,macro_precision,macro_recall,macro_f1
0,all,2895,413.0,2442,0.8751511487303507,0.5424395727937044,0.6697513013302487,0.8483373609090273,0.6389242517135123,0.6986436569686008
1,discontinuous,34,,354,,0.08762886597938144,,,0.11133520074696546,
2,exact-meddra,2532,,1631,,0.6082152294018737,,,0.716213259031486,
3,negated,13,,19,,0.40625,,,0.43650793650793646,
4,non-meddra,363,,812,,0.308936170212766,,,0.4075252532106755,
