,ade_type,tp,fp,fn,micro_precision,micro_recall,micro_f1,macro_precision,macro_recall,macro_f1
0,all,2973,138.0,2364,0.9556412729026037,0.5570545250140528,0.7038352272727272,0.9398650892901923,0.651968517894212,0.7288181058673258
1,discontinuous,141,,247,,0.3634020618556701,,,0.3905670799788447,
2,exact-meddra,2438,,1725,,0.585635359116022,,,0.6942863468299669,
3,negated,19,,13,,0.59375,,,0.623015873015873,
4,non-meddra,535,,640,,0.4553191489361702,,,0.5274152309329789,
