,ade_type,tp,fp,fn,micro_precision,micro_recall,micro_f1,macro_precision,macro_recall,macro_f1
0,all,3181,439.0,2156,0.8787292817679558,0.5960277309349822,0.7102824606453053,0.8400491476104676,0.6507790191888171,0.7164322493275838
1,discontinuous,36,,352,,0.09278350515463918,,,0.09320333261509732,
2,exact-meddra,2804,,1359,,0.6735527263992314,,,0.7319024994470547,
3,negated,11,,21,,0.34375,,,0.40079365079365076,
4,non-meddra,377,,798,,0.32085106382978723,,,0.3997792824538432,
