,section,ade_type,tp,fp,fn,micro_precision,micro_recall,micro_f1,macro_precision,macro_recall,macro_f1
0,adverse reactions,all,3131,417.0,2206,0.8824689966178129,0.5866591718193742,0.7047833427124367,0.8546307211569671,0.6515707941922491,0.7146920511486589
1,adverse reactions,discontinuous,27,,361,,0.06958762886597938,,,0.10124973066149537,
2,adverse reactions,exact-meddra,2753,,1410,,0.6613019457122268,,,0.7277130017408897,
3,adverse reactions,negated,11,,21,,0.34375,,,0.36904761904761907,
4,adverse reactions,non-meddra,378,,797,,0.32170212765957445,,,0.41385177742264195,
5,all-concat,all,2942,484.0,4096,0.858727378867484,0.4180164819551009,0.562308868501529,0.8294055238678297,0.48097336580522776,0.5783882568319179
6,all-concat,discontinuous,49,,693,,0.0660377358490566,,,0.07543510563749432,
7,all-concat,exact-meddra,2568,,2259,,0.5320074580484773,,,0.6000703400088225,
8,all-concat,negated,23,,36,,0.3898305084745763,,,0.4292929292929293,
9,all-concat,non-meddra,374,,1838,,0.16907775768535263,,,0.23145081148441546,
10,boxed warnings,all,149,130.0,113,0.5340501792114696,0.5687022900763359,0.5508317929759705,0.5304202462484197,0.6543935489175428,0.5618712060383998
11,boxed warnings,discontinuous,4,,29,,0.12121212121212122,,,0.17965367965367965,
12,boxed warnings,exact-meddra,108,,28,,0.7941176470588235,,,0.7778699229463236,
13,boxed warnings,negated,2,,1,,0.6666666666666666,,,0.6666666666666666,
14,boxed warnings,non-meddra,41,,85,,0.3253968253968254,,,0.40764790764790765,
15,warnings and precautions,all,935,708.0,1517,0.5690809494826536,0.38132137030995106,0.45665445665445664,0.5805991508266328,0.44826223483877414,0.4565266285532111
16,warnings and precautions,discontinuous,43,,307,,0.12285714285714286,,,0.14733766233766235,
17,warnings and precautions,exact-meddra,637,,576,,0.5251442704039572,,,0.6202975443390244,
18,warnings and precautions,negated,9,,18,,0.3333333333333333,,,0.37745098039215685,
19,warnings and precautions,non-meddra,298,,942,,0.2403225806451613,,,0.3094172380389919,
0,all,all,4215,1255.0,3836,0.7705667276051188,0.5235374487641287,0.5944781024941689,0.6897957195952416,0.5684620417442579,0.5847116606201941
