,ade_type,tp,fp,fn,micro_precision,micro_recall,micro_f1,macro_precision,macro_recall,macro_f1
0,all,4523,197.0,814,0.9582627118644068,0.8474798575979015,0.8994730038778959,0.9532849081609981,0.8790394510183601,0.9094652677759386
1,discontinuous,198,,190,,0.5103092783505154,,,0.47670009728833257,
2,exact-meddra,3794,,369,,0.9113619985587317,,,0.9368351920461997,
3,negated,25,,7,,0.78125,,,0.7777777777777777,
4,non-meddra,729,,446,,0.6204255319148936,,,0.680823967070258,
