,ade_type,tp,fp,fn,micro_precision,micro_recall,micro_f1,macro_precision,macro_recall,macro_f1
0,all,4446,167.0,891,0.9637979622805116,0.8330522765598651,0.8936683417085427,0.9572661124899416,0.8658782312399697,0.9039487927289016
1,discontinuous,179,,209,,0.46134020618556704,,,0.44864077099371213,
2,exact-meddra,3727,,436,,0.895267835695412,,,0.9217254062302594,
3,negated,24,,8,,0.75,,,0.7301587301587302,
4,non-meddra,719,,456,,0.6119148936170212,,,0.6937040948233761,
