,ade_type,tp,fp,fn,micro_precision,micro_recall,micro_f1,macro_precision,macro_recall,macro_f1
0,all,4460,178.0,877,0.9616213885295386,0.8356754731122353,0.894235588972431,0.9560175964428488,0.8718821974429868,0.9062228357397177
1,discontinuous,184,,204,,0.4742268041237113,,,0.4502822993999464,
2,exact-meddra,3746,,417,,0.8998318520297862,,,0.9287351319083308,
3,negated,25,,7,,0.78125,,,0.7777777777777777,
4,non-meddra,715,,460,,0.6085106382978723,,,0.6939771230103178,
