,ade_type,tp,fp,fn,micro_precision,micro_recall,micro_f1,macro_precision,macro_recall,macro_f1
0,all,3930,449.0,1407,0.8974651746974195,0.7363687464867903,0.808974886784685,0.8810051363428132,0.7668627956533631,0.8195077963194218
1,discontinuous,52,,336,,0.13402061855670103,,,0.15493248581483873,
2,exact-meddra,3482,,681,,0.8364160461205861,,,0.8582722658458876,
3,negated,16,,16,,0.5,,,0.4722222222222222,
4,non-meddra,448,,727,,0.38127659574468087,,,0.46432709331713506,
