,ade_type,tp,fp,fn,micro_precision,micro_recall,micro_f1,macro_precision,macro_recall,macro_f1
0,all,3756,202.0,1581,0.9489641232945932,0.7037661607644744,0.8081764389456697,0.9251929274620685,0.7672333092811402,0.8140828508025019
1,discontinuous,145,,243,,0.37371134020618557,,,0.38720465808701104,
2,exact-meddra,3120,,1043,,0.7494595243814557,,,0.8189231746205318,
3,negated,21,,11,,0.65625,,,0.6944444444444444,
4,non-meddra,636,,539,,0.5412765957446809,,,0.613369940079632,
