,ade_type,tp,fp,fn,micro_precision,micro_recall,micro_f1,macro_precision,macro_recall,macro_f1
0,all,2788,418.0,2549,0.8696194635059263,0.5223908562863032,0.6526981154161302,0.8424230989309148,0.611235646136103,0.6819248685802826
1,discontinuous,34,,354,,0.08762886597938144,,,0.10488077282194928,
2,exact-meddra,2453,,1710,,0.5892385299063175,,,0.68855167245949,
3,negated,11,,21,,0.34375,,,0.36904761904761907,
4,non-meddra,335,,840,,0.2851063829787234,,,0.3792201546402396,
