,ade_type,tp,fp,fn,micro_precision,micro_recall,micro_f1,macro_precision,macro_recall,macro_f1
0,all,3905,407.0,1432,0.9056122448979592,0.7316844669289864,0.8094103015856566,0.8815857701349947,0.7592872725677521,0.8239557282300904
1,discontinuous,46,,342,,0.11855670103092783,,,0.1187786396609926,
2,exact-meddra,3466,,697,,0.832572663944271,,,0.8502203261698131,
3,negated,15,,17,,0.46875,,,0.4246031746031746,
4,non-meddra,439,,736,,0.37361702127659574,,,0.4837044908645463,
