,ade_type,tp,fp,fn,micro_precision,micro_recall,micro_f1,macro_precision,macro_recall,macro_f1
0,all,3107,442.0,2230,0.8754578754578755,0.5821622634438823,0.6993022732388027,0.8483715695204685,0.6466473529033999,0.709302375021283
1,discontinuous,27,,361,,0.06958762886597938,,,0.10124973066149537,
2,exact-meddra,2733,,1430,,0.6564977179918328,,,0.7221057654534349,
3,negated,10,,22,,0.3125,,,0.35317460317460314,
4,non-meddra,374,,801,,0.31829787234042556,,,0.4091807164516697,
